{
    "instruments": {
        "oboe": {
            "displayName": "Oboe",
            "attack": 0.01,
            "decay": 0.5,
            "sustain": 1,
            "release": 0.05,
            "wavetable": [
                0,
                -0.4413334147135417,
                0,
                0.5053332519531251,
                0,
                -0.4413334147135417,
                0,
                -0.4146667480468751,
                -0.09466674804687503,
                0.37199991861979154,
                0,
                0.09199991861979173,
                0,
                0,
                -0.37466674804687505,
                0
            ]
        },
        "clarinet": {
            "displayName": "Clarinet",
            "attack": 0.01,
            "decay": 0.5,
            "sustain": 1,
            "release": 0.05,
            "wavetable": [
                0,
                -0.40800008138020827,
                -0.5013334147135418,
                -0.48800008138020834,
                -0.3280000813802084,
                -0.12800008138020824,
                0.00533325195312484,
                0.01866658528645848,
                -0.28133341471354156,
                0.37866658528645836,
                0.49866658528645846,
                0.27199991861979167,
                -0.06133341471354159,
                -0.23466674804687493,
                -0.3280000813802084,
                -0.1813334147135417
            ]
        },
        "saxophone": {
            "displayName": "Saxophone",
            "attack": 0.01,
            "decay": 0.5,
            "sustain": 1,
            "release": 0.05,
            "wavetable": [
                -0.2146667480468749,
                -0.37466674804687505,
                -0.4280000813802083,
                -0.36133341471354163,
                -0.2146667480468749,
                -0.0013334147135417584,
                -0.028000081380208375,
                -0.28133341471354156,
                -0.28133341471354156,
                -0.13466674804687506,
                -0.0013334147135417584,
                0.07866658528645831,
                0.051999918619791696,
                -0.014666748046874956,
                -0.1880000813802083,
                -0.37466674804687505,
                -0.5213334147135418,
                -0.574666748046875,
                -0.6813334147135417,
                -0.48133341471354174,
                -0.34800008138020844,
                -0.13466674804687506,
                -0.20133341471354171,
                -0.24133341471354175,
                -0.25466674804687495,
                -0.25466674804687495,
                -0.2146667480468749,
                -0.14800008138020826,
                0.1719999186197918,
                0.41199991861979157,
                0.425333251953125,
                0.4386665852864584,
                0.23866658528645823,
                -0.1746667480468751,
                -0.25466674804687495,
                -0.28133341471354156
            ]
        },
        "sine-bell": {
            "displayName": "Sine Bell",
            "attack": 0.01,
            "decay": 0.5,
            "sustain": 1,
            "release": 0.35,
            "wavetable": [
                -0.28133341471354156,
                -0.4280000813802083,
                -0.5480000813802084,
                -0.6280000813802082,
                -0.6413334147135417,
                -0.6413334147135417,
                -0.614666748046875,
                -0.5613334147135416,
                -0.48133341471354174,
                -0.334666748046875,
                0.025333251953124858,
                0.5053332519531251,
                0.7186665852864582,
                0.7853332519531251,
                0.8253332519531251,
                0.8253332519531251
            ]
        }
    }
}
