{
    "instruments": {
        "oboe": {
            "displayName": "Oboe",
            "attack": 0.01,
            "decay": 0.5,
            "sustain": 1,
            "release": 0.05,
            "wavetable": [
                0,
                -0.4413334147135417,
                0,
                0.5053332519531251,
                0,
                -0.4413334147135417,
                0,
                -0.4146667480468751,
                -0.09466674804687503,
                0.37199991861979154,
                0,
                0.09199991861979173,
                0,
                0,
                -0.37466674804687505,
                0
            ]
        },
        "clarinet": {
            "displayName": "Clarinet",
            "attack": 0.01,
            "decay": 0.5,
            "sustain": 1,
            "release": 0.05,
            "wavetable": [
                0,
                -0.40800008138020827,
                -0.5013334147135418,
                -0.48800008138020834,
                -0.3280000813802084,
                -0.12800008138020824,
                0.00533325195312484,
                0.01866658528645848,
                0.09866658528645833,
                0.37866658528645836,
                0.49866658528645846,
                0.27199991861979167,
                -0.06133341471354159,
                -0.23466674804687493,
                -0.3280000813802084,
                -0.1813334147135417
            ]
        }
    }
}
