{
    "instruments": {
        "oboe": {
            "displayName": "Oboe",
            "attack": 0.01,
            "decay": 0.5,
            "sustain": 1,
            "release": 0.05,
            "wavetable": [
                0,
                -0.4413334147135417,
                0,
                0.5053332519531251,
                0,
                -0.4413334147135417,
                0,
                -0.4146667480468751,
                -0.09466674804687503,
                0.37199991861979154,
                0,
                0.09199991861979173,
                0,
                0,
                -0.37466674804687505,
                0
            ]
        }
    }
}
